{
    "nose": [41.9958,32.4715,6.01142,53.4246],
    "bridge": [43.7176,42.9437,8.73412,61.9006]
}
